/api/postback / 200
/tags/* https://descola.org/cursos?tag=:splat 301
/drops https://blog.descola.org 301
/drops/* https://blog.descola.org/:splat 301
/para-empresas /empresas 301
/o-que-e-a-descola /sobre 301
/sankhya https://sankhya.descola.org 301
/unimedvr https://unimedvr.descola.org 301
/argo https://argo.descola.org 301
/dengo https://dengo.descola.org 301
/a-educacao-corporativa-e-o-futuro-do-trabalho https://blog.descola.org/a-educacao-corporativa-e-o-futuro-do-trabalho 301

/curso/1 /do-bar-ao-mercado 301
/curso/1/do-bar-ao-mercado /do-bar-ao-mercado 301
/curso/do-bar-ao-mercado /do-bar-ao-mercado 301
/curso/2 /midias-sociais-para-pequenos-negocios 301
/curso/2/midias-sociais-para-pequenos-negocios /midias-sociais-para-pequenos-negocios 301
/curso/midias-sociais-para-pequenos-negocios /midias-sociais-para-pequenos-negocios 301
/curso/5 /desconstruindo-a-sustentabilidade 301
/curso/5/desconstruindo-a-sustentabilidade /desconstruindo-a-sustentabilidade 301
/curso/desconstruindo-a-sustentabilidade /desconstruindo-a-sustentabilidade 301
/curso/6 /design-para-novos-contextos 301
/curso/6/design-para-novos-contextos /design-para-novos-contextos 301
/curso/design-para-novos-contextos /design-para-novos-contextos 301
/curso/7 /olhar-do-diretor-Almodovar 301
/curso/7/olhar-do-diretor-Almodovar /olhar-do-diretor-Almodovar 301
/curso/olhar-do-diretor-Almodovar /olhar-do-diretor-Almodovar 301
/curso/8 /cozinhando-seu-conteudo 301
/curso/8/cozinhando-seu-conteudo /cozinhando-seu-conteudo 301
/curso/cozinhando-seu-conteudo /cozinhando-seu-conteudo 301
/curso/9 /moda-panorama-social 301
/curso/9/moda-panorama-social /moda-panorama-social 301
/curso/moda-panorama-social /moda-panorama-social 301
/curso/10 /visual-thinking 301
/curso/10/visual-thinking /visual-thinking 301
/curso/visual-thinking /visual-thinking 301
/curso/14 /business-model-canvas 301
/curso/14/business-model-canvas /business-model-canvas 301
/curso/business-model-canvas /business-model-canvas 301
/curso/15 /fail-fast-succeed-faster 301
/curso/15/fail-fast-succeed-faster /fail-fast-succeed-faster 301
/curso/fail-fast-succeed-faster /fail-fast-succeed-faster 301
/curso/16 /lead-fundamentos-da-boa-lideranca 301
/curso/16/lead-fundamentos-da-boa-lideranca /lead-fundamentos-da-boa-lideranca 301
/curso/lead-fundamentos-da-boa-lideranca /lead-fundamentos-da-boa-lideranca 301
/curso/17 /economia-colaborativa 301
/curso/17/economia-colaborativa /economia-colaborativa 301
/curso/economia-colaborativa /economia-colaborativa 301
/curso/26 /branding 301
/curso/26/branding /branding 301
/curso/branding /branding 301
/curso/27 /design-de-servicos 301
/curso/27/design-de-servicos /design-de-servicos 301
/curso/design-de-servicos /design-de-servicos 301
/curso/28 /habilidades-do-futuro 301
/curso/28/habilidades-do-futuro /habilidades-do-futuro 301
/curso/habilidades-do-futuro /habilidades-do-futuro 301
/curso/30 /discurse 301
/curso/30/discurse /discurse 301
/curso/discurse /discurse 301
/curso/31 /storytelling 301
/curso/31/storytelling /storytelling 301
/curso/storytelling /storytelling 301
/curso/32 /carreira-dinamica 301
/curso/32/carreira-dinamica /carreira-dinamica 301
/curso/carreira-dinamica /carreira-dinamica 301
/curso/33 /metodos-ageis 301
/curso/33/metodos-ageis /metodos-ageis 301
/curso/metodos-ageis /metodos-ageis 301
/curso/34 /bombando-sua-produtividade 301
/curso/34/bombando-sua-produtividade /bombando-sua-produtividade 301
/curso/bombando-sua-produtividade /bombando-sua-produtividade 301
/curso/35 /procurando-investimento 301
/curso/35/procurando-investimento /procurando-investimento 301
/curso/procurando-investimento /procurando-investimento 301
/curso/36 /smart-cities 301
/curso/36/smart-cities /smart-cities 301
/curso/smart-cities /smart-cities 301
/curso/37 /venda-mais 301
/curso/37/venda-mais /venda-mais 301
/curso/venda-mais /venda-mais 301
/curso/38 /vender-comprar-ganhar 301
/curso/38/vender-comprar-ganhar /vender-comprar-ganhar 301
/curso/vender-comprar-ganhar /vender-comprar-ganhar 301
/curso/39 /powerful-presentations 301
/curso/39/powerful-presentations /powerful-presentations 301
/curso/powerful-presentations /powerful-presentations 301
/curso/40 /pitch 301
/curso/40/pitch /pitch 301
/curso/pitch /pitch 301
/curso/41 /como-fazer-pesquisa 301
/curso/41/como-fazer-pesquisa /como-fazer-pesquisa 301
/curso/como-fazer-pesquisa /como-fazer-pesquisa 301
/curso/42 /multi-geracoes 301
/curso/42/multi-geracoes /multi-geracoes 301
/curso/multi-geracoes /multi-geracoes 301
/curso/43 /bitcoin 301
/curso/43/bitcoin /bitcoin 301
/curso/bitcoin /bitcoin 301
/curso/44 /growth-hacking 301
/curso/44/growth-hacking /growth-hacking 301
/curso/growth-hacking /growth-hacking 301
/curso/45 /gestao-horizontal 301
/curso/45/gestao-horizontal /gestao-horizontal 301
/curso/gestao-horizontal /gestao-horizontal 301
/curso/46 /fundamentos-da-blockchain 301
/curso/46/fundamentos-da-blockchain /fundamentos-da-blockchain 301
/curso/fundamentos-da-blockchain /fundamentos-da-blockchain 301
/curso/47 /proposito 301
/curso/47/proposito /proposito 301
/curso/proposito /proposito 301
/curso/48 /gestao-da-mudanca 301
/curso/48/gestao-da-mudanca /gestao-da-mudanca 301
/curso/gestao-da-mudanca /gestao-da-mudanca 301
/curso/49 /desbloqueio-criativo 301
/curso/49/desbloqueio-criativo /desbloqueio-criativo 301
/curso/desbloqueio-criativo /desbloqueio-criativo 301
/curso/50 /vida-de-freela 301
/curso/50/vida-de-freela /vida-de-freela 301
/curso/vida-de-freela /vida-de-freela 301
/curso/51 /reunioes-visuais 301
/curso/51/reunioes-visuais /reunioes-visuais 301
/curso/reunioes-visuais /reunioes-visuais 301
/curso/52 /cultura-corporativa 301
/curso/52/cultura-corporativa /cultura-corporativa 301
/curso/cultura-corporativa /cultura-corporativa 301
/curso/53 /gamification 301
/curso/53/gamification /gamification 301
/curso/gamification /gamification 301
/curso/54 /cultura-crowd 301
/curso/54/cultura-crowd /cultura-crowd 301
/curso/cultura-crowd /cultura-crowd 301
/curso/55 /crowdfunding 301
/curso/55/crowdfunding /crowdfunding 301
/curso/crowdfunding /crowdfunding 301
/curso/56 /internet-das-coisas 301
/curso/56/internet-das-coisas /internet-das-coisas 301
/curso/internet-das-coisas /internet-das-coisas 301
/curso/57 /arduino 301
/curso/57/arduino /arduino 301
/curso/arduino /arduino 301
/curso/58 /comedia 301
/curso/58/comedia /comedia 301
/curso/comedia /comedia 301
/curso/59 /thinking-environment 301
/curso/59/thinking-environment /thinking-environment 301
/curso/thinking-environment /thinking-environment 301
/curso/60 /customer-support 301
/curso/60/customer-support /customer-support 301
/curso/customer-support /customer-support 301
/curso/61 /bioinovacao 301
/curso/61/bioinovacao /bioinovacao 301
/curso/bioinovacao /bioinovacao 301
/curso/62 /desenhe-sua-carreira 301
/curso/62/desenhe-sua-carreira /desenhe-sua-carreira 301
/curso/desenhe-sua-carreira /desenhe-sua-carreira 301
/curso/63 /redacao-publicitaria 301
/curso/63/redacao-publicitaria /redacao-publicitaria 301
/curso/redacao-publicitaria /redacao-publicitaria 301
/curso/64 /employee-experience 301
/curso/64/employee-experience /employee-experience 301
/curso/employee-experience /employee-experience 301
/curso/65 /pesquisador-de-tendencias 301
/curso/65/pesquisador-de-tendencias /pesquisador-de-tendencias 301
/curso/pesquisador-de-tendencias /pesquisador-de-tendencias 301
/curso/66 /como-ser-entendido 301
/curso/66/como-ser-entendido /como-ser-entendido 301
/curso/como-ser-entendido /como-ser-entendido 301
/curso/67 /empatia 301
/curso/67/empatia /empatia 301
/curso/empatia /empatia 301
/curso/68 /vieses-inconscientes 301
/curso/68/vieses-inconscientes /vieses-inconscientes 301
/curso/vieses-inconscientes /vieses-inconscientes 301
/curso/69 /tcr 301
/curso/69/tcr /tcr 301
/curso/tcr /tcr 301
/curso/70 /o-poder-da-mobilizacao 301
/curso/70/o-poder-da-mobilizacao /o-poder-da-mobilizacao 301
/curso/o-poder-da-mobilizacao /o-poder-da-mobilizacao 301
/curso/71 /mediador-de-conflitos 301
/curso/71/mediador-de-conflitos /mediador-de-conflitos 301
/curso/mediador-de-conflitos /mediador-de-conflitos 301
/curso/72 /biomimetica 301
/curso/72/biomimetica /biomimetica 301
/curso/biomimetica /biomimetica 301
/curso/73 /comunicacao-nao-violenta 301
/curso/73/comunicacao-nao-violenta /comunicacao-nao-violenta 301
/curso/comunicacao-nao-violenta /comunicacao-nao-violenta 301
/curso/75 /economia-circular 301
/curso/75/economia-circular /economia-circular 301
/curso/economia-circular /economia-circular 301
/curso/76 /comunicacao-executiva 301
/curso/76/comunicacao-executiva /comunicacao-executiva 301
/curso/comunicacao-executiva /comunicacao-executiva 301
/curso/77 /squad 301
/curso/77/squad /squad 301
/curso/squad /squad 301
/curso/78 /lideranca-dinamica 301
/curso/78/lideranca-dinamica /lideranca-dinamica 301
/curso/lideranca-dinamica /lideranca-dinamica 301
/curso/79 /neurociencia-do-consumo 301
/curso/79/neurociencia-do-consumo /neurociencia-do-consumo 301
/curso/neurociencia-do-consumo /neurociencia-do-consumo 301
/curso/80 /inteligencia-coletiva 301
/curso/80/inteligencia-coletiva /inteligencia-coletiva 301
/curso/inteligencia-coletiva /inteligencia-coletiva 301
/curso/81 /gestao-compartilhada 301
/curso/81/gestao-compartilhada /gestao-compartilhada 301
/curso/gestao-compartilhada /gestao-compartilhada 301
/curso/82 /mentalidade-agil 301
/curso/82/mentalidade-agil /mentalidade-agil 301
/curso/mentalidade-agil /mentalidade-agil 301
/curso/83 /lifelong-learning 301
/curso/83/lifelong-learning /lifelong-learning 301
/curso/lifelong-learning /lifelong-learning 301
/curso/84 /service-blueprint 301
/curso/84/service-blueprint /service-blueprint 301
/curso/service-blueprint /service-blueprint 301
/curso/85 /ux-writing 301
/curso/85/ux-writing /ux-writing 301
/curso/ux-writing /ux-writing 301
/curso/87 /resolucao-de-problemas-complexos 301
/curso/87/resolucao-de-problemas-complexos /resolucao-de-problemas-complexos 301
/curso/resolucao-de-problemas-complexos /resolucao-de-problemas-complexos 301
/curso/88 /employer-branding 301
/curso/88/employer-branding /employer-branding 301
/curso/employer-branding /employer-branding 301
/curso/89 /inteligencia-emocional 301
/curso/89/inteligencia-emocional /inteligencia-emocional 301
/curso/inteligencia-emocional /inteligencia-emocional 301
/curso/90 /ux-prototype 301
/curso/90/ux-prototype /ux-prototype 301
/curso/ux-prototype /ux-prototype 301
/curso/91 /respeito 301
/curso/91/respeito /respeito 301
/curso/respeito /respeito 301

/track/1 /design-thinking 301
/track/1/design-thinking /design-thinking 301
/track/design-thinking /design-thinking 301
/track/2 /empreendedorismo 301
/track/2/empreendedorismo /empreendedorismo 301
/track/empreendedorismo /empreendedorismo 301
/track/3 /mestre-das-apresentacoes 301
/track/3/mestre-das-apresentacoes /mestre-das-apresentacoes 301
/track/mestre-das-apresentacoes /mestre-das-apresentacoes 301
/track/4 /profissionais-do-futuro 301
/track/4/profissionais-do-futuro /profissionais-do-futuro 301
/track/profissionais-do-futuro /profissionais-do-futuro 301
/track/6 /crowdfunding-2x1 301
/track/6/crowdfunding /crowdfunding-2x1 301
/track/crowdfunding /crowdfunding-2x1 301
/track/7 /agentes-da-transformacao 301
/track/7/agentes-da-transformacao /agentes-da-transformacao 301
/track/agentes-da-transformacao /agentes-da-transformacao 301
/track/8 /workplace-foundations 301
/track/8/workplace-foundations /workplace-foundations 301
/track/workplace-foundations /workplace-foundations 301
/track/9 /ux-master 301
/track/9/ux-master /ux-master 301
/track/ux-master /ux-master 301

/* /index.html 200